-- ✒️ **Script revisado y corregido por Juan Jesús Alejo Sillero.**

--- Creación de tablas:

-- Tabla 1, personal:

CREATE TABLE PERSONAL (
    NUMPASAPORTE VARCHAR2(9),
    NOMBRE VARCHAR2(35),
    TELEFONO VARCHAR2(9),
    DIRECCION VARCHAR2(55),
    FECHAALTA DATE,
    SUELDOBASE NUMBER(6, 2),
    HORASEXTRA NUMBER(4),
    CONSTRAINT PK_PERSONAL PRIMARY KEY (NUMPASAPORTE),
    CONSTRAINT PASAPORTEPERSONAL CHECK (REGEXP_LIKE(NUMPASAPORTE, '^[a-zA-Z]{3}[0-9]{6}')),
    CONSTRAINT FECHAALTAOK CHECK (TO_CHAR(FECHAALTA, 'D') != '1'),
    CONSTRAINT TELOBLIGATORIO CHECK (TELEFONO IS NOT NULL),
    CONSTRAINT CANDIDATEKEY UNIQUE (TELEFONO)
);

INSERT INTO PERSONAL VALUES (
    'ABC123456',
    'Castillo Ruiz Nahum',
    '649364028',
    'Antonio Delgado Roig P3 N5, Sevilla España',
    TO_DATE('05/01/2015', 'DD/MM/YYYY'),
    3500,
    315
);

INSERT INTO PERSONAL VALUES (
    'AJC000153',
    'Clemente Cervantes Ricardo',
    '661401496',
    'Carrera Comercial 40, Sevilla España',
    TO_DATE('03/02/2015', 'DD/MM/YYYY'),
    3000,
    220
);

INSERT INTO PERSONAL VALUES (
    'AHC000120',
    'Del Toro Arreola David',
    '617456394',
    'Calle Ginebra 5, Madrid España',
    TO_DATE('04/03/2015', 'DD/MM/YYYY'),
    2000,
    410
);

INSERT INTO PERSONAL VALUES (
    'BFJ000171',
    'Estrada Torres Gilberto',
    '654674422',
    'Avenida de la Prensa 28, Madrid España',
    TO_DATE('16/04/2015', 'DD/MM/YYYY'),
    1500,
    90
);

INSERT INTO PERSONAL VALUES (
    'CRT000765',
    'Figueroa Valle Jorge Alberto',
    '654574888',
    'Cristo de la Sed 132, Barcelona España',
    TO_DATE('01/05/2015', 'DD/MM/YYYY'),
    2000,
    170
);

INSERT INTO PERSONAL VALUES (
    'CVF000126',
    'Franco Mota Ernesto',
    '635500878',
    'Fernando Zobel 13, Barcelona España',
    TO_DATE('13/06/2015', 'DD/MM/YYYY'),
    4000,
    300
);

INSERT INTO PERSONAL VALUES (
    'DSA000777',
    'Galindo Andrade Carlos',
    '654281239',
    'Avenida Republica Argentina, Sevilla España',
    TO_DATE('18/07/2015', 'DD/MM/YYYY'),
    3800,
    512
);

INSERT INTO PERSONAL VALUES (
    'EJK000333',
    'Garcia Campos J. Elias',
    '655657700',
    'Plaza San Agustin, Barcelona España',
    TO_DATE('06/01/2015', 'DD/MM/YYYY'),
    3780,
    250
);

INSERT INTO PERSONAL VALUES (
    'ECB000121',
    'Garcia Garcia Ivan',
    '654988601',
    'Avenida de los Pirralos 15, Madrid España',
    TO_DATE('04/02/2015', 'DD/MM/YYYY'),
    2700,
    150
);

INSERT INTO PERSONAL VALUES (
    'FHY000456',
    'Fernandez Martinez Jose',
    '655852528',
    'Luis Daoiz 15, Paris Francia',
    TO_DATE('05/03/2015', 'DD/MM/YYYY'),
    3100,
    167
);

INSERT INTO PERSONAL VALUES (
    'GBB000732',
    'Esquinca Gutierrez Jose Rodulfo',
    '655913815',
    'Avenida Andalucia 3, Paris Francia',
    TO_DATE('17/04/2015', 'DD/MM/YYYY'),
    2600,
    70
);

INSERT INTO PERSONAL VALUES (
    'HYJ000568',
    'Dzul Chi Cesar Isai',
    '655735347',
    'Avenida España 28, Paris Francia',
    TO_DATE('02/05/2015', 'DD/MM/YYYY'),
    3200,
    210
);

SELECT * FROM PERSONAL;

-- Tabla 2, pilotos:

CREATE TABLE PILOTOS (
    NUMPASAPORTE VARCHAR2(9),
    CONSTRAINT PK_PILOTOS PRIMARY KEY (NUMPASAPORTE),
    CONSTRAINT FK_PILOTOS FOREIGN KEY (NUMPASAPORTE) REFERENCES PERSONAL (NUMPASAPORTE),
    CONSTRAINT PASAPORTEPILOTOS CHECK (REGEXP_LIKE(NUMPASAPORTE, '^[a-zA-Z]{3}[0-9]{6}'))
);

INSERT INTO PILOTOS VALUES (
    'CVF000126'
);

INSERT INTO PILOTOS VALUES (
    'DSA000777'
);

INSERT INTO PILOTOS VALUES (
    'EJK000333'
);

SELECT * FROM PILOTOS;

-- Tabla 3, copilotos:

CREATE TABLE COPILOTOS (
    NUMPASAPORTE VARCHAR2(9),
    CONSTRAINT PK_COPILOTOS PRIMARY KEY (NUMPASAPORTE),
    CONSTRAINT FK_COPILOTOS FOREIGN KEY (NUMPASAPORTE) REFERENCES PERSONAL (NUMPASAPORTE),
    CONSTRAINT PASAPORTECOPILOTOS CHECK (REGEXP_LIKE(NUMPASAPORTE, '^[a-zA-Z]{3}[0-9]{6}'))
);

INSERT INTO COPILOTOS VALUES (
    'ABC123456'
);

INSERT INTO COPILOTOS VALUES (
    'FHY000456'
);

INSERT INTO COPILOTOS VALUES (
    'HYJ000568'
);

SELECT * FROM COPILOTOS;

-- Tabla 4, auxiliares:

CREATE TABLE AUXILIARES (
    NUMPASAPORTE VARCHAR2(9),
    CONSTRAINT PK_AUXILIARES PRIMARY KEY (NUMPASAPORTE),
    CONSTRAINT FK_AUXILIARES FOREIGN KEY (NUMPASAPORTE) REFERENCES PERSONAL (NUMPASAPORTE),
    CONSTRAINT PASAPORTEAUXILIARES CHECK (REGEXP_LIKE(NUMPASAPORTE, '^[a-zA-Z]{3}[0-9]{6}'))
);

INSERT INTO AUXILIARES VALUES (
    'AJC000153'
);

INSERT INTO AUXILIARES VALUES (
    'AHC000120'
);

INSERT INTO AUXILIARES VALUES (
    'BFJ000171'
);

INSERT INTO AUXILIARES VALUES (
    'CRT000765'
);

INSERT INTO AUXILIARES VALUES (
    'ECB000121'
);

INSERT INTO AUXILIARES VALUES (
    'GBB000732'
);

SELECT * FROM AUXILIARES;

-- Tabla 5, pasajeros:

CREATE TABLE PASAJEROS (
    NUMPASAPORTE VARCHAR2(9),
    NOMBRE VARCHAR2(30),
    CONSTRAINT PK_PASAJEROS PRIMARY KEY (NUMPASAPORTE),
    CONSTRAINT PASAPORTEPASAJEROS CHECK (REGEXP_LIKE(NUMPASAPORTE, '^[a-zA-Z]{3}[0-9]{6}'))
);

INSERT INTO PASAJEROS VALUES (
    'AXN000888',
    'De Leon Sanchez Juan de Dios'
);

INSERT INTO PASAJEROS VALUES (
    'BCF174623',
    'Delgado Bugarin Norma'
);

INSERT INTO PASAJEROS VALUES (
    'CGB653132',
    'Corona Ortiz Angel'
);

INSERT INTO PASAJEROS VALUES (
    'DWQ000879',
    'Chaim Camacho Oliver'
);

INSERT INTO PASAJEROS VALUES (
    'ERT000919',
    'Castro Sanchez Luis'
);

INSERT INTO PASAJEROS VALUES (
    'FHJ456123',
    'Castro Heredia Felizardo'
);

INSERT INTO PASAJEROS VALUES (
    'GGG000555',
    'Casas Garcia Gabriel'
);

INSERT INTO PASAJEROS VALUES (
    'HKL000333',
    'Casillas Gutierrez Olga'
);

INSERT INTO PASAJEROS VALUES (
    'IRT000444',
    'Carrera Molina Gonzalo'
);

INSERT INTO PASAJEROS VALUES (
    'JYN000222',
    'Campos Saito Jorge Alonso'
);

SELECT * FROM PASAJEROS;

-- Tabla 6, aeropuertos:

CREATE TABLE AEROPUERTOS (
    CODAEROPUERTO VARCHAR2(3),
    NOMBRE VARCHAR2(30),
    DIRECCION VARCHAR2(50),
    TELEFONO VARCHAR2(20),
    DIRECTOR VARCHAR2(50),
    CIUDAD VARCHAR2(25),
    NUMPISTAS NUMBER(1) DEFAULT 1,
    CONSTRAINT PK_AEROPUERTOS PRIMARY KEY (CODAEROPUERTO),
    CONSTRAINT INICIALESMAYUS CHECK (DIRECTOR=INITCAP(DIRECTOR))
);

INSERT INTO AEROPUERTOS VALUES (
    'CDG',
    'Charles de Gaulle',
    '95700, Roissy-en-France, Francia',
    '+33 1 70 36 39 50',
    'Edward Arkwright',
    'Paris',
    4
);

INSERT INTO AEROPUERTOS VALUES (
    'PMI',
    'Son San Juan',
    '07611, Palma de Mallorca, España',
    '+34 902 40 47 04',
    'Jose Antonio Alvarez',
    'Palma de Mallorca',
    2
);

INSERT INTO AEROPUERTOS VALUES (
    'SVQ',
    'San Pablo',
    'A-4, Km. 532, 41020, Sevilla, España',
    '954 44 90 00',
    'Jesus Caballero Pinto',
    'Sevilla',
    1
);

INSERT INTO AEROPUERTOS VALUES (
    'MAD',
    'Adolfo Suarez',
    'Avda. de la Hispanidad s/n. 28042, Madrid, España',
    '902 404 704',
    'Elena Mayoral',
    'Madrid',
    4
);

INSERT INTO AEROPUERTOS VALUES (
    'BCN',
    'El Prat',
    '08820, El Prat de Llobregat, España',
    '902 40 47 04',
    'Sonia Corrochano',
    'Barcelona',
    3
);

INSERT INTO AEROPUERTOS VALUES (
    'TFS',
    'Reina Sofia',
    '38610, Santa Cruz de Tenerife, España',
    '922 392 037',
    'Santiago Yus Saenz',
    'Santa Cruz de Tenerife',
    1
);

SELECT * FROM AEROPUERTOS;

-- Tabla 7, vuelos:

CREATE TABLE VUELOS (
    CODVUELO VARCHAR2(7),
    CODAEROPUERTODESTINO VARCHAR2(3),
    CODAEROPUERTOORIGEN VARCHAR2(3),
    COMPANIA VARCHAR2(25),
    DIASEMANA VARCHAR2(9),
    HORA DATE,
    NUMPASAPORTEPILOTO VARCHAR2(9),
    NUMPASAPORTECOPILOTO VARCHAR2(9),
    CONSTRAINT PK_VUELOS PRIMARY KEY (CODVUELO),
    CONSTRAINT FK_CODAEROPUERTOORIGEN FOREIGN KEY (CODAEROPUERTOORIGEN) REFERENCES AEROPUERTOS (CODAEROPUERTO),
    CONSTRAINT FK_CODAEROPUERTODESTINO FOREIGN KEY (CODAEROPUERTODESTINO) REFERENCES AEROPUERTOS (CODAEROPUERTO),
    CONSTRAINT FK_NUMPASAPORTEPILOTO FOREIGN KEY (NUMPASAPORTEPILOTO) REFERENCES PILOTOS (NUMPASAPORTE),
    CONSTRAINT FK_NUMPASAPORTECOPILOTO FOREIGN KEY (NUMPASAPORTECOPILOTO) REFERENCES COPILOTOS (NUMPASAPORTE),
    CONSTRAINT CODVUELOOK CHECK (REGEXP_LIKE(CODVUELO, '^[a-zA-Z]{2}-[0-9]{3,4}')),
    CONSTRAINT PASAPORTEVUELOSPILOTO CHECK (REGEXP_LIKE(NUMPASAPORTEPILOTO, '^[a-zA-Z]{3}[0-9]{6}')),
    CONSTRAINT PASAPORTEVUELOSCOPILOTO CHECK (REGEXP_LIKE(NUMPASAPORTECOPILOTO, '^[a-zA-Z]{3}[0-9]{6}'))
);

INSERT INTO VUELOS VALUES (
    'IB-3949',
    'MAD',
    'SVQ',
    'Iberia',
    'Lunes',
    TO_DATE('10:25', 'HH24:MI'),
    'DSA000777',
    'ABC123456'
);

INSERT INTO VUELOS VALUES (
    'IB-5940',
    'BCN',
    'SVQ',
    'Iberia',
    'Lunes',
    TO_DATE('09:20', 'HH24:MI'),
    'CVF000126',
    'FHY000456'
);

INSERT INTO VUELOS VALUES (
    'VY-3924',
    'PMI',
    'BCN',
    'Vueling',
    'Lunes',
    TO_DATE('09:05', 'HH24:MI'),
    'EJK000333',
    'HYJ000568'
);

INSERT INTO VUELOS VALUES (
    'AF-1149',
    'CDG',
    'BCN',
    'Air France',
    'Jueves',
    TO_DATE('09:50', 'HH24:MI'),
    'DSA000777',
    'ABC123456'
);

INSERT INTO VUELOS VALUES (
    'QR-3776',
    'TFS',
    'BCN',
    'Qatar Airways',
    'Jueves',
    TO_DATE('09:45', 'HH24:MI'),
    'CVF000126',
    'FHY000456'
);

INSERT INTO VUELOS VALUES (
    'UX-6013',
    'PMI',
    'MAD',
    'Air Europa',
    'Jueves',
    TO_DATE('10:15', 'HH24:MI'),
    'EJK000333',
    'HYJ000568'
);

SELECT * FROM VUELOS;

SELECT CODVUELO, CODAEROPUERTODESTINO, CODAEROPUERTOORIGEN, COMPANIA, DIASEMANA, TO_CHAR(HORA, 'HH24:MI'), NUMPASAPORTEPILOTO, NUMPASAPORTECOPILOTO FROM VUELOS;

-- Tabla 8, modelos:

CREATE TABLE MODELOS (
    NOMBRE VARCHAR2(5),
    COMPANIACONSTRUCTORA VARCHAR2(20),
    NUMMOTORES NUMBER(1),
    POTENCIAMOTORES VARCHAR2(6),
    AUTONOMIA NUMBER(5),
    NUMEROASIENTOS NUMBER(3),
    LONGITUD NUMBER(4, 1),
    ENVERGADURA NUMBER(3, 1),
    CONSTRAINT PK_MODELOS PRIMARY KEY (NOMBRE),
    CONSTRAINT COMPCONSTRUCTORA CHECK (COMPANIACONSTRUCTORA IN ('Airbus', 'Boeing', 'Mc''Donell Douglas')),
    CONSTRAINT LONGMAX CHECK (LONGITUD <= 100)
);

INSERT INTO MODELOS VALUES (
    'A320',
    'Airbus',
    2,
    '326000',
    5900,
    180,
    37.6,
    34.1
);

INSERT INTO MODELOS VALUES (
    'A380',
    'Airbus',
    4,
    '400000',
    15400,
    469,
    72.7,
    79.8
);

INSERT INTO MODELOS VALUES (
    '747',
    'Boeing',
    4,
    '400000',
    13450,
    345,
    70.9,
    64.4
);

INSERT INTO MODELOS VALUES (
    'MD-90',
    'Mc''Donell Douglas',
    2,
    '326000',
    3860,
    160,
    46.5,
    32.7
);

SELECT * FROM MODELOS;

-- Tabla 9, aeronaves:

CREATE TABLE AERONAVES (
    NUMSERIE VARCHAR2(6),
    FECHAFABRICACION DATE,
    HORASDEVUELO NUMBER(6),
    FECHAULTIMAREVISION DATE,
    NOMBREMODELO VARCHAR2(15),
    CONSTRAINT PK_AERONAVES PRIMARY KEY (NUMSERIE),
    CONSTRAINT FK_AERONAVES FOREIGN KEY (NOMBREMODELO) REFERENCES MODELOS (NOMBRE),
    CONSTRAINT FECHAREVISIONESOK CHECK ((TO_NUMBER(TO_CHAR(LAST_DAY(TRUNC(FECHAULTIMAREVISION, 'Month')), 'DD')) - TO_NUMBER(TO_CHAR(FECHAULTIMAREVISION, 'DD')))<=3)
);

INSERT INTO AERONAVES VALUES (
    'F-GHQC',
    TO_DATE('15/02/1989', 'DD/MM/YYYY'),
    13668,
    TO_DATE('29/12/2016', 'DD/MM/YYYY'),
    'A320'
);

INSERT INTO AERONAVES VALUES (
    'D-AIPM',
    TO_DATE('13/02/1990', 'DD/MM/YYYY'),
    13435,
    TO_DATE('31/01/2017', 'DD/MM/YYYY'),
    'A320'
);

INSERT INTO AERONAVES VALUES (
    'F-WWOW',
    TO_DATE('27/04/2005', 'DD/MM/YYYY'),
    5876,
    TO_DATE('25/02/2017', 'DD/MM/YYYY'),
    'A380'
);

INSERT INTO AERONAVES VALUES (
    'F-WWDD',
    TO_DATE('18/10/2005', 'DD/MM/YYYY'),
    5230,
    TO_DATE('26/02/2017', 'DD/MM/YYYY'),
    'A380'
);

INSERT INTO AERONAVES VALUES (
    'EP-NHT',
    TO_DATE('24/09/1970', 'DD/MM/YYYY'),
    22589,
    TO_DATE('27/02/2017', 'DD/MM/YYYY'),
    '747'
);

INSERT INTO AERONAVES VALUES (
    'S2-AFA',
    TO_DATE('11/03/1970', 'DD/MM/YYYY'),
    23400,
    TO_DATE('28/02/2017', 'DD/MM/YYYY'),
    '747'
);

INSERT INTO AERONAVES VALUES (
    'N918DH',
    TO_DATE('01/08/1997', 'DD/MM/YYYY'),
    7121,
    TO_DATE('28/02/2017', 'DD/MM/YYYY'),
    'MD-90'
);

INSERT INTO AERONAVES VALUES (
    'HZ-APH',
    TO_DATE('01/02/1998', 'DD/MM/YYYY'),
    6854,
    TO_DATE('26/02/2017', 'DD/MM/YYYY'),
    'MD-90'
);

SELECT * FROM AERONAVES;

-- Tabla 10, viajes:

CREATE TABLE VIAJES (
    FECHA DATE,
    CODVUELO VARCHAR2(7),
    NUMSERIEAERONAVE VARCHAR2(6),
    CONSTRAINT PK_VIAJES PRIMARY KEY (FECHA, CODVUELO),
    CONSTRAINT FK_VIAJESNUMSERIE FOREIGN KEY (NUMSERIEAERONAVE) REFERENCES AERONAVES (NUMSERIE)
);

INSERT INTO VIAJES VALUES (
    TO_DATE('26/09/2016', 'DD/MM/YYYY'),
    'IB-3949',
    'F-GHQC'
);

INSERT INTO VIAJES VALUES (
    TO_DATE('17/10/2016', 'DD/MM/YYYY'),
    'IB-3949',
    'F-GHQC'
);

INSERT INTO VIAJES VALUES (
    TO_DATE('04/04/2016', 'DD/MM/YYYY'),
    'IB-5940',
    'D-AIPM'
);

INSERT INTO VIAJES VALUES (
    TO_DATE('02/05/2016', 'DD/MM/YYYY'),
    'IB-5940',
    'D-AIPM'
);

INSERT INTO VIAJES VALUES (
    TO_DATE('12/09/2016', 'DD/MM/YYYY'),
    'VY-3924',
    'F-WWOW'
);

INSERT INTO VIAJES VALUES (
    TO_DATE('26/09/2016', 'DD/MM/YYYY'),
    'VY-3924',
    'F-WWDD'
);

INSERT INTO VIAJES VALUES (
    TO_DATE('13/10/2016', 'DD/MM/YYYY'),
    'AF-1149',
    'EP-NHT'
);

INSERT INTO VIAJES VALUES (
    TO_DATE('17/11/2016', 'DD/MM/YYYY'),
    'AF-1149',
    'EP-NHT'
);

INSERT INTO VIAJES VALUES (
    TO_DATE('24/11/2016', 'DD/MM/YYYY'),
    'QR-3776',
    'S2-AFA'
);

INSERT INTO VIAJES VALUES (
    TO_DATE('22/12/2016', 'DD/MM/YYYY'),
    'QR-3776',
    'S2-AFA'
);

INSERT INTO VIAJES VALUES (
    TO_DATE('12/01/2017', 'DD/MM/YYYY'),
    'UX-6013',
    'N918DH'
);

INSERT INTO VIAJES VALUES (
    TO_DATE('02/02/2017', 'DD/MM/YYYY'),
    'UX-6013',
    'HZ-APH'
);

SELECT * FROM VIAJES;

-- Tabla 11, auxiliares de viaje:

CREATE TABLE AUXILIARESDEVIAJE (
    NUMPASAPORTE VARCHAR2(9),
    CODVUELO VARCHAR2(7),
    FECHA DATE,
    CONSTRAINT PK_AUXILIARESDEVIAJE PRIMARY KEY (NUMPASAPORTE, CODVUELO, FECHA),
    CONSTRAINT FK_AUXVIAJESNUMPASAPORTE FOREIGN KEY (NUMPASAPORTE) REFERENCES AUXILIARES (NUMPASAPORTE),
    CONSTRAINT FK_AUXVIAJESCODVUELO FOREIGN KEY (CODVUELO, FECHA) REFERENCES VIAJES (CODVUELO, FECHA),
    CONSTRAINT PASAPORTEAUXILIARESDEVIAJE CHECK (REGEXP_LIKE(NUMPASAPORTE, '^[a-zA-Z]{3}[0-9]{6}'))
);

INSERT INTO AUXILIARESDEVIAJE VALUES (
    'AJC000153',
    'IB-3949',
    TO_DATE('26/09/2016', 'DD/MM/YYYY')
);

INSERT INTO AUXILIARESDEVIAJE VALUES (
    'BFJ000171',
    'IB-3949',
    TO_DATE('26/09/2016', 'DD/MM/YYYY')
);

INSERT INTO AUXILIARESDEVIAJE VALUES (
    'AHC000120',
    'IB-3949',
    TO_DATE('26/09/2016', 'DD/MM/YYYY')
);

INSERT INTO AUXILIARESDEVIAJE VALUES (
    'CRT000765',
    'IB-3949',
    TO_DATE('26/09/2016', 'DD/MM/YYYY')
);

INSERT INTO AUXILIARESDEVIAJE VALUES (
    'ECB000121',
    'IB-5940',
    TO_DATE('02/05/2016', 'DD/MM/YYYY')
);

INSERT INTO AUXILIARESDEVIAJE VALUES (
    'GBB000732',
    'IB-5940',
    TO_DATE('02/05/2016', 'DD/MM/YYYY')
);

INSERT INTO AUXILIARESDEVIAJE VALUES (
    'AHC000120',
    'IB-5940',
    TO_DATE('02/05/2016', 'DD/MM/YYYY')
);

INSERT INTO AUXILIARESDEVIAJE VALUES (
    'BFJ000171',
    'IB-5940',
    TO_DATE('02/05/2016', 'DD/MM/YYYY')
);

INSERT INTO AUXILIARESDEVIAJE VALUES (
    'AHC000120',
    'AF-1149',
    TO_DATE('13/10/2016', 'DD/MM/YYYY')
);

INSERT INTO AUXILIARESDEVIAJE VALUES (
    'CRT000765',
    'AF-1149',
    TO_DATE('13/10/2016', 'DD/MM/YYYY')
);

INSERT INTO AUXILIARESDEVIAJE VALUES (
    'GBB000732',
    'AF-1149',
    TO_DATE('13/10/2016', 'DD/MM/YYYY')
);

INSERT INTO AUXILIARESDEVIAJE VALUES (
    'ECB000121',
    'AF-1149',
    TO_DATE('13/10/2016', 'DD/MM/YYYY')
);

INSERT INTO AUXILIARESDEVIAJE VALUES (
    'AJC000153',
    'QR-3776',
    TO_DATE('22/12/2016', 'DD/MM/YYYY')
);

INSERT INTO AUXILIARESDEVIAJE VALUES (
    'AHC000120',
    'QR-3776',
    TO_DATE('22/12/2016', 'DD/MM/YYYY')
);

INSERT INTO AUXILIARESDEVIAJE VALUES (
    'GBB000732',
    'QR-3776',
    TO_DATE('22/12/2016', 'DD/MM/YYYY')
);

INSERT INTO AUXILIARESDEVIAJE VALUES (
    'ECB000121',
    'QR-3776',
    TO_DATE('22/12/2016', 'DD/MM/YYYY')
);

INSERT INTO AUXILIARESDEVIAJE VALUES (
    'ECB000121',
    'UX-6013',
    TO_DATE('12/01/2017', 'DD/MM/YYYY')
);

INSERT INTO AUXILIARESDEVIAJE VALUES (
    'CRT000765',
    'UX-6013',
    TO_DATE('12/01/2017', 'DD/MM/YYYY')
);

INSERT INTO AUXILIARESDEVIAJE VALUES (
    'BFJ000171',
    'UX-6013',
    TO_DATE('12/01/2017', 'DD/MM/YYYY')
);

INSERT INTO AUXILIARESDEVIAJE VALUES (
    'AJC000153',
    'UX-6013',
    TO_DATE('12/01/2017', 'DD/MM/YYYY')
);

SELECT * FROM AUXILIARESDEVIAJE;

-- Tabla 12, pasajeros embarcados:

CREATE TABLE PASAJEROSEMBARCADOS (
    NUMPASAPORTE VARCHAR2(9),
    CODVUELO VARCHAR2(7),
    FECHA DATE,
    NUMBULTOS NUMBER(1),
    PESOEQUIPAJE NUMBER(4, 2),
    CONSTRAINT PK_PASAJEROSEMBARCADOS PRIMARY KEY (NUMPASAPORTE, CODVUELO, FECHA),
    CONSTRAINT FK_PASAJEROSEMBARNUMPASAPORTE FOREIGN KEY (NUMPASAPORTE) REFERENCES PASAJEROS (NUMPASAPORTE),
    CONSTRAINT FK_PASAJEROSEMBARCODVUELO FOREIGN KEY (CODVUELO, FECHA) REFERENCES VIAJES (CODVUELO, FECHA),
    CONSTRAINT PASAPORTEPASAJEROSEMBARCADOS CHECK (REGEXP_LIKE(NUMPASAPORTE, '^[a-zA-Z]{3}[0-9]{6}'))
);

INSERT INTO PASAJEROSEMBARCADOS VALUES (
    'AXN000888',
    'IB-3949',
    TO_DATE('26/09/2016', 'DD/MM/YYYY'),
    1,
    7.58
);

INSERT INTO PASAJEROSEMBARCADOS VALUES (
    'BCF174623',
    'IB-3949',
    TO_DATE('26/09/2016', 'DD/MM/YYYY'),
    2,
    14.08
);

INSERT INTO PASAJEROSEMBARCADOS VALUES (
    'CGB653132',
    'IB-3949',
    TO_DATE('26/09/2016', 'DD/MM/YYYY'),
    1,
    9.34
);

INSERT INTO PASAJEROSEMBARCADOS VALUES (
    'DWQ000879',
    'IB-5940',
    TO_DATE('04/04/2016', 'DD/MM/YYYY'),
    2,
    23.05
);

INSERT INTO PASAJEROSEMBARCADOS VALUES (
    'ERT000919',
    'IB-5940',
    TO_DATE('04/04/2016', 'DD/MM/YYYY'),
    1,
    5.55
);

INSERT INTO PASAJEROSEMBARCADOS VALUES (
    'FHJ456123',
    'VY-3924',
    TO_DATE('12/09/2016', 'DD/MM/YYYY'),
    2,
    7.69
);

INSERT INTO PASAJEROSEMBARCADOS VALUES (
    'GGG000555',
    'VY-3924',
    TO_DATE('12/09/2016', 'DD/MM/YYYY'),
    2,
    17.65
);

INSERT INTO PASAJEROSEMBARCADOS VALUES (
    'HKL000333',
    'AF-1149',
    TO_DATE('13/10/2016', 'DD/MM/YYYY'),
    1,
    6.32
);

INSERT INTO PASAJEROSEMBARCADOS VALUES (
    'IRT000444',
    'AF-1149',
    TO_DATE('13/10/2016', 'DD/MM/YYYY'),
    1,
    8.67
);

INSERT INTO PASAJEROSEMBARCADOS VALUES (
    'JYN000222',
    'AF-1149',
    TO_DATE('13/10/2016', 'DD/MM/YYYY'),
    1,
    2.29
);

INSERT INTO PASAJEROSEMBARCADOS VALUES (
    'AXN000888',
    'IB-3949',
    TO_DATE('17/10/2016', 'DD/MM/YYYY'),
    2,
    9.99
);

INSERT INTO PASAJEROSEMBARCADOS VALUES (
    'BCF174623',
    'UX-6013',
    TO_DATE('02/02/2017', 'DD/MM/YYYY'),
    1,
    11.45
);

INSERT INTO PASAJEROSEMBARCADOS VALUES (
    'DWQ000879',
    'IB-5940',
    TO_DATE('02/05/2016', 'DD/MM/YYYY'),
    2,
    13.78
);

INSERT INTO PASAJEROSEMBARCADOS VALUES (
    'ERT000919',
    'UX-6013',
    TO_DATE('12/01/2017', 'DD/MM/YYYY'),
    1,
    7.54
);

INSERT INTO PASAJEROSEMBARCADOS VALUES (
    'FHJ456123',
    'VY-3924',
    TO_DATE('26/09/2016', 'DD/MM/YYYY'),
    2,
    23.51
);

INSERT INTO PASAJEROSEMBARCADOS VALUES (
    'GGG000555',
    'QR-3776',
    TO_DATE('22/12/2016', 'DD/MM/YYYY'),
    1,
    6.66
);

INSERT INTO PASAJEROSEMBARCADOS VALUES (
    'HKL000333',
    'AF-1149',
    TO_DATE('17/11/2016', 'DD/MM/YYYY'),
    2,
    15.78
);

INSERT INTO PASAJEROSEMBARCADOS VALUES (
    'IRT000444',
    'QR-3776',
    TO_DATE('24/11/2016', 'DD/MM/YYYY'),
    1,
    9.21
);

SELECT * FROM PASAJEROSEMBARCADOS;

---------------------------------------------------

SELECT * FROM PERSONAL;
SELECT * FROM PILOTOS;
SELECT * FROM COPILOTOS;
SELECT * FROM AUXILIARES;
SELECT * FROM PASAJEROS;
SELECT * FROM AEROPUERTOS;
SELECT * FROM VUELOS;
SELECT CODVUELO, CODAEROPUERTODESTINO, CODAEROPUERTOORIGEN, COMPANIA, DIASEMANA, TO_CHAR(HORA, 'HH24:MI') AS HORA, NUMPASAPORTEPILOTO, NUMPASAPORTECOPILOTO FROM VUELOS;
SELECT * FROM MODELOS;
SELECT * FROM AERONAVES;
SELECT * FROM VIAJES;
SELECT * FROM AUXILIARESDEVIAJE;
SELECT * FROM PASAJEROSEMBARCADOS;
